Soru,Cevap
Kayıt işlemleri ne zaman yapılacak?,Elektronik kayıt işlemleri 25-28 Eylül 2022 tarihleri arasında yapılacaktır.
Kayıt işlemleri nereden yapılacak?,Kayıt işlemleri e-Devlet şifresi ile https://www.turkiye.gov.tr adresine giriş yaparak Yüksek Öğretim Kurulu Başkanlığı bölümünden yapılacaktır.
Kayıt işlemleri kaç adımdan oluşmaktadır?,Kayıt işlemleri 4 adımdan oluşmaktadır.
Kayıt işlemlerinin ilk adımı nedir?,"İlk adım, üniversitenin web sitesinde bulunan Öğrenci Bilgi Formunu doldurmak ve Öğrenci Bilgi Formu için https://obs.karatay.edu.tr/oibs/ogrsis/ogr_on_Kayit_op.aspx adresinden bilgi girişi yapmaktır."
Kayıt işlemlerinin ikinci adımı nedir?,"İkinci adım, ödenecek ücreti http://borcsorgula.karatay.edu.tr/ adresindeki borç sorgulama ekranından kontrol etmektir."
Kayıt işlemlerinin üçüncü adımı nedir?,"Üçüncü adım, kredi kartı ile yapılacak ödemelerinizi Sanal Pos ile https://sanalpos.karatay.edu.tr/ adresi üzerinden, nakit ödemelerinizi ise Halk Bankasının ve Albaraka TÜRK Katılım Bankasının tüm şubelerinden yapabilirsiniz."
Kayıt işlemlerinin dördüncü adımı nedir?,"Dördüncü adım, öğrenim ücretinizi ödedikten en az iki saat sonra e-Devlet üzerinden kaydınızı tamamlamaktır."
E-Devlet ile banka arasındaki sorgulama ne kadar sürer?,"E-Devlet ile banka arasındaki sorgulamalar iki saatlik periyodlarla yapılmaktadır. Bu nedenle, öğrenim ücretini ödedikten sonra en az iki saat bekleyerek elektronik kayıt işlemini gerçekleştirebilirsiniz."
Hangi bölümlere elektronik kayıt yapılmaz?, 
